{
  "mse": 871.1603167862818,
  "rmse": 29.515425065315963,
  "mae": 23.075241088867184,
  "mape_percent": 2.3783245513882565,
  "r2": 0.8144105847162277,
  "n_val": 300
}