{
  "MSE": 2248.4818687606275,
  "RMSE": 47.418159693946656,
  "MAE": 30.152332185444077,
  "MAPE_percent": 2.6238627062632323,
  "R2": 0.9735687410969919,
  "DA_percent": 55.78947368421053,
  "param_count": 631553,
  "inference_time_s": 0.1076222499832511
}