{
  "mse": 4004.938886637201,
  "rmse": 63.284586485472126,
  "mae": 37.553077286209806,
  "mape_percent": 3.606368740110507,
  "r2": 0.6773869447604228,
  "n_val": 241
}