Model,RMSE,MAE,MAPE_percent,R2,DA_percent
LSTM,47.418159693946656,30.152332185444077,2.6238627062632323,0.9735687410969919,55.78947368421053
