{
  "mse": 664.5384650920266,
  "rmse": 25.77864358518552,
  "mae": 18.034709562920884,
  "mape_percent": 1.8860259738299352,
  "r2": 0.8608096118574183,
  "n_val": 163
}