{
  "mse": 2151.880902055995,
  "rmse": 46.38837033197001,
  "mae": 39.197089187237395,
  "mape_percent": 4.027976531879381,
  "r2": 0.5611612965016128,
  "n_val": 119
}